Class	Name
1	01
1	01
1	01
1	01
1	01
1	01
1	01
1	01
1	01
1	01
1	01
1	01
1	01
1	01
1	01
1	01
1	01
1	01
1	01
1	01
1	01
1	01
1	01
1	01
1	01
1	01
1	01
1	01
1	01
1	01
1	01
1	01
1	01
1	01
1	01
1	01
1	01
1	01
1	01
1	01
1	01
1	01
1	01
1	01
1	01
1	01
1	01
1	01
1	01
1	01
1	01
1	01
1	01
1	01
1	01
1	01
1	01
1	01
1	01
1	01
1	01
1	01
1	01
1	01
1	01
1	01
1	01
1	01
1	01
1	01
1	01
1	01
1	01
1	01
1	01
1	01
1	01
1	01
1	01
1	01
1	01
1	01
1	01
1	01
1	01
1	01
1	01
1	01
1	01
1	01
1	01
1	01
1	01
1	01
1	01
1	01
1	01
1	01
1	01
1	01
2	02
2	02
2	02
2	02
2	02
2	02
2	02
2	02
2	02
2	02
2	02
2	02
2	02
2	02
2	02
2	02
2	02
2	02
2	02
2	02
2	02
2	02
2	02
2	02
2	02
2	02
2	02
2	02
2	02
2	02
2	02
2	02
2	02
2	02
2	02
2	02
2	02
2	02
2	02
2	02
2	02
2	02
2	02
2	02
2	02
2	02
2	02
2	02
2	02
2	02
2	02
2	02
2	02
2	02
2	02
2	02
2	02
2	02
2	02
2	02
2	02
2	02
2	02
2	02
2	02
2	02
2	02
2	02
2	02
2	02
2	02
2	02
2	02
2	02
2	02
2	02
2	02
2	02
2	02
2	02
2	02
2	02
2	02
2	02
2	02
2	02
2	02
2	02
2	02
2	02
2	02
2	02
2	02
2	02
2	02
2	02
2	02
2	02
2	02
2	02
3	03
3	03
3	03
3	03
3	03
3	03
3	03
3	03
3	03
3	03
3	03
3	03
3	03
3	03
3	03
3	03
3	03
3	03
3	03
3	03
3	03
3	03
3	03
3	03
3	03
3	03
3	03
3	03
3	03
3	03
3	03
3	03
3	03
3	03
3	03
3	03
3	03
3	03
3	03
3	03
3	03
3	03
3	03
3	03
3	03
3	03
3	03
3	03
3	03
3	03
3	03
3	03
3	03
3	03
3	03
3	03
3	03
3	03
3	03
3	03
3	03
3	03
3	03
3	03
3	03
3	03
3	03
3	03
3	03
3	03
3	03
3	03
3	03
3	03
3	03
3	03
3	03
3	03
3	03
3	03
3	03
3	03
3	03
3	03
3	03
3	03
3	03
3	03
3	03
3	03
3	03
3	03
3	03
3	03
3	03
3	03
3	03
3	03
3	03
3	03
4	04
4	04
4	04
4	04
4	04
4	04
4	04
4	04
4	04
4	04
4	04
4	04
4	04
4	04
4	04
4	04
4	04
4	04
4	04
4	04
4	04
4	04
4	04
4	04
4	04
4	04
4	04
4	04
4	04
4	04
4	04
4	04
4	04
4	04
4	04
4	04
4	04
4	04
4	04
4	04
4	04
4	04
4	04
4	04
4	04
4	04
4	04
4	04
4	04
4	04
4	04
4	04
4	04
4	04
4	04
4	04
4	04
4	04
4	04
4	04
4	04
4	04
4	04
4	04
4	04
4	04
4	04
4	04
4	04
4	04
4	04
4	04
4	04
4	04
4	04
4	04
4	04
4	04
4	04
4	04
4	04
4	04
4	04
4	04
4	04
4	04
4	04
4	04
4	04
4	04
4	04
4	04
4	04
4	04
4	04
4	04
4	04
4	04
4	04
4	04
5	05
5	05
5	05
5	05
5	05
5	05
5	05
5	05
5	05
5	05
5	05
5	05
5	05
5	05
5	05
5	05
5	05
5	05
5	05
5	05
5	05
5	05
5	05
5	05
5	05
5	05
5	05
5	05
5	05
5	05
5	05
5	05
5	05
5	05
5	05
5	05
5	05
5	05
5	05
5	05
5	05
5	05
5	05
5	05
5	05
5	05
5	05
5	05
5	05
5	05
5	05
5	05
5	05
5	05
5	05
5	05
5	05
5	05
5	05
5	05
5	05
5	05
5	05
5	05
5	05
5	05
5	05
5	05
5	05
5	05
5	05
5	05
5	05
5	05
5	05
5	05
5	05
5	05
5	05
5	05
5	05
5	05
5	05
5	05
5	05
5	05
5	05
5	05
5	05
5	05
5	05
5	05
5	05
5	05
5	05
5	05
5	05
5	05
5	05
5	05
